{
  "bin": {
    "x": 1652.7766775673942,
    "y": 1319.4675069518858
  },
  "scripts": {
    "x": 803.7666585377665,
    "y": 1301.6234917505126
  },
  "test-results": {
    "x": 1544.800033897336,
    "y": 1856.688156526332
  },
  "tests": {
    "x": 1652.683893759107,
    "y": 1731.4380912714316
  },
  "src": {
    "x": 1198.7593784982464,
    "y": 1496.1382579938286
  },
  "documentation": {
    "x": 656.6088051793522,
    "y": 1521.4454623546176
  },
  "images": {
    "x": 871.4230724189259,
    "y": 1576.0672666905402
  },
  "memory": {
    "x": 1009.0370607065631,
    "y": 1835.3483174383864
  },
  "starter-doc-fr": {
    "x": 1542.4886415921267,
    "y": 1447.2955682553447
  },
  "starter-doc": {
    "x": 1757.9222432800775,
    "y": 1445.8644297408869
  },
  "usermanual-documentation": {
    "x": 654.0013450252567,
    "y": 1642.0712498645582
  },
  "src/frontend": {
    "x": 17.03560965401786,
    "y": -117.33941214425224
  },
  "src/lib": {
    "x": 331.21093749999994,
    "y": 104.1264343261719
  },
  "src/mcp": {
    "x": 59.92614746093753,
    "y": 13.287484305245528
  },
  "src/routes": {
    "x": 361.13638741629455,
    "y": -114.04392787388393
  },
  "src/frontend/blueprint": {
    "x": -7.310267857142861,
    "y": -118.2632773263114
  },
  "src/frontend/diagram": {
    "x": -4.24294607979914,
    "y": -1.5128871372767847
  },
  "src/frontend/snippets": {
    "x": 927.3500836358539,
    "y": -116.21331765881877
  },
  "src/frontend/workspace": {
    "x": -0.006866455078153422,
    "y": 121.0950142996652
  },
  "src/frontend/vendor": {
    "x": 707.2216796875,
    "y": -117.56449018205916
  },
  "src/frontend/modals": {
    "x": 243.55220249720975,
    "y": -119.95289393833707
  },
  "src/frontend/i18n": {
    "x": 474.66461181640636,
    "y": -119.62115696498327
  },
  "test-results/e2e-context-AI-Context-pag-48c5d-tion-and-creates-an-AI-rule-chromium": {
    "x": 0,
    "y": 0
  },
  "test-results/e2e-validate-validate-butt-25110--a-To-be-validated-document-chromium": {
    "x": 240,
    "y": 0
  },
  "src/frontend-svelte": {
    "x": 67.31776646205361,
    "y": -190.25608607700894
  },
  "graphify-out": {
    "x": 1223.800146244407,
    "y": 1835.3190409917752
  },
  "playwright-report": {
    "x": 1756.5041069733963,
    "y": 1854.7220993153728
  }
}