{
  "bin": {
    "x": 1091.2265654126047,
    "y": 1318.786761404605
  },
  "scripts": {
    "x": 1084.128901147249,
    "y": 1482.176390099455
  },
  "test-results": {
    "x": 840.7031256916061,
    "y": 1637.5438633287372
  },
  "tests": {
    "x": 837.6510643412613,
    "y": 1489.6240227710834
  },
  "src": {
    "x": 839.3435845658623,
    "y": 1321.4768383396763
  },
  "documentation": {
    "x": 1338.2973876805156,
    "y": 1314.7921011072033
  },
  "images": {
    "x": 1589.4033535620176,
    "y": 1312.0903546302288
  },
  "memory": {
    "x": 1592.2973899045435,
    "y": 1632.4372002770401
  },
  "starter-doc-fr": {
    "x": 1340.8969428928813,
    "y": 1495.1152265902706
  },
  "starter-doc": {
    "x": 1588.1462041981808,
    "y": 1487.7533127751435
  },
  "usermanual-documentation": {
    "x": 1340.761872969205,
    "y": 1633.1455591896572
  },
  "src/frontend": {
    "x": 17.03560965401786,
    "y": -117.33941214425224
  },
  "src/lib": {
    "x": 279.8778424944196,
    "y": 8.355080740792424
  },
  "src/mcp": {
    "x": 294.36628069196433,
    "y": -119.73275320870536
  },
  "src/routes": {
    "x": 547.1358816964284,
    "y": -118.46790858677456
  },
  "src/frontend/blueprint": {
    "x": -7.310267857142861,
    "y": -118.2632773263114
  },
  "src/frontend/diagram": {
    "x": -4.24294607979914,
    "y": -1.5128871372767847
  },
  "src/frontend/snippets": {
    "x": 927.3500836358539,
    "y": -116.21331765881877
  },
  "src/frontend/workspace": {
    "x": -0.006866455078153422,
    "y": 121.0950142996652
  },
  "src/frontend/vendor": {
    "x": 707.2216796875,
    "y": -117.56449018205916
  },
  "src/frontend/modals": {
    "x": 243.55220249720975,
    "y": -119.95289393833707
  },
  "src/frontend/i18n": {
    "x": 474.66461181640636,
    "y": -119.62115696498327
  },
  "test-results/e2e-context-AI-Context-pag-48c5d-tion-and-creates-an-AI-rule-chromium": {
    "x": 0,
    "y": 0
  },
  "test-results/e2e-validate-validate-butt-25110--a-To-be-validated-document-chromium": {
    "x": 240,
    "y": 0
  },
  "src/frontend-svelte": {
    "x": 18.802730015345986,
    "y": 1.1811610630580276
  },
  "graphify-out": {
    "x": 1088.9124269863364,
    "y": 1633.3743910480418
  },
  "playwright-report": {
    "x": 1087.9996988389603,
    "y": 1770.2487667419516
  }
}